num_proc,avg_exec_time,avg_final_cost
2,11.62260373433431,22772.333333333332
4,13.546391487121582,22424.0
6,38.955555280049644,22549.333333333332
8,31.33131694793701,22861.333333333332
10,38.377464612325035,22436.666666666668
12,34.49006326993307,22296.0
14,64.55757927894592,22301.333333333332
